n,n_treat,n_control,ps_min,ps_p01,ps_p05,ps_median,ps_p95,ps_p99,ps_max,w_min,w_p01,w_p05,w_median,w_p95,w_p99,w_max,trimmed_n,trimmed_pct,ess_total,ess_treat,ess_control
1012,126,886,1.2833101329900114e-6,0.02947668531226949,0.04307553695025555,0.1100454690616947,0.2582216624893106,0.3868058935417251,0.5936620177147315,0.4085666715397198,0.40974616397067387,0.7419008251406612,0.9774631836456593,1.2170869161678783,2.0895915239186147,2.097838482629981,22,0.021739130434782608,974.9354020526114,100.46001907390364,878.5264615658929
